{
    "ticker": "ETH",
    "timestamp": "2025-09-07T17:24:45.191555",
    "market_data": {
        "mid_price": 4301.05,
        "sigma": 0.02128022355274359,
        "A": 0.21940497555606042,
        "k": 0.07532950722077487
    },
    "optimal_parameters": {
        "gamma": 6.44825
    },
    "current_state": {
        "time_remaining": 0.16666,
        "inventory": 43010
    },
    "calculated_values": {
        "reservation_price": 4280.118511780956,
        "gap": 20.931488219043786,
        "spread_base": 1.3842129696530514,
        "half_spread": 0.6921064848265257
    },
    "limit_orders": {
        "ask_price": 4259.879130046739,
        "bid_price": 4258.494917077086,
        "delta_a": -20.23938173421726,
        "delta_b": 21.62359470387031,
        "delta_a_percent": -0.470568389909842,
        "delta_b_percent": 0.5027515305302266
    }
}